id,y_true,y_pred,absolute_error
1733745832.962347,111.0,106.90170583652417,4.098294163475828
1733745842.999832,277.0,254.06106202466918,22.938937975330816
1733745853.048146,121.0,169.2311988217084,48.231198821708404
1733745863.087395,232.0,230.14173331652196,1.8582666834780355
1733745873.130156,288.0,209.09168695805238,78.90831304194762
1733745883.178416,95.0,146.27173897170897,51.27173897170897
1733745893.210577,182.0,147.74770463570545,34.252295364294554
